Код;SchoolName;Type;Level;Organization;Spec;Subject;ShortNameSchool;City;CityType;Region;Address
001;"муниципальное бюджетное образовательное учреждение ""Средняя общеобразовательная школа №1 г.Вельска""";МБОУ;СОО;школа;;;Средняя общеобразовательная школа №1 г.Вельска;Вельск;город;;
002;"муниципальное бюджетное образовательное учреждение ""Средняя общеобразовательная школа №2 г.Вельска""";МБОУ;СОО;школа;;;Средняя общеобразовательная школа №2 г.Вельска;Вельск;город;;
003;"муниципальное бюджетное образовательное учреждение ""Средняя общеобразовательная школа №3 г. Вельска""";МБОУ;СОО;школа;;;Средняя общеобразовательная школа №3 г. Вельска;Вельск;город;;
004;"муниципальное бюджетное образовательное учреждение ""Средняя общеобразовательная школа №4 г.Вельска""";МБОУ;СОО;школа;;;Средняя общеобразовательная школа №4 г.Вельска;Вельск;город;;
005;"муниципальное бюджетное образовательное учреждение ""Благовещенская  средняя общеобразовательная школа №5""";МБОУ;СОО;школа;;;Благовещенская  средняя общеобразовательная школа №5;Благовещенское;село;Вельский район;
006;"муниципальное бюджетное образовательное учреждение ""Долматовская средняя общеобразовательная школа №6""";МБОУ;СОО;школа;;;Долматовская средняя общеобразовательная школа №6;Долматово;село;Вельский район;
007;"муниципальное бюджетное образовательное учреждение ""Левковская средняя общеобразовательная школа №7""";МБОУ;СОО;школа;;;Левковская средняя общеобразовательная школа №7;Пасьва;поселок;Вельский район;
009;"муниципальное бюджетное образовательное учреждение ""Усть - Шоношская средняя общеобразовательная школа №16""";МБОУ;СОО;школа;;;Усть - Шоношская средняя общеобразовательная школа №16;Усть-Шоноша;поселок;Вельский район;
010;"муниципальное бюджетное образовательное учреждение ""Средняя общеобразовательная школа №15 п.Кулой""";МБОУ;СОО;школа;;;Средняя общеобразовательная школа №15 п.Кулой;Кулой;поселок;Вельский район;
013;"муниципальное бюджетное образовательное учреждение ""Тегринская  средняя общеобразовательная школа №22""";МБОУ;СОО;школа;;;Тегринская  средняя общеобразовательная школа №22;Тегро-Озеро;поселок;Вельский район;
014;"муниципальное бюджетное образовательное учреждение ""Усть - Вельская средняя общеобразовательная школа №23""";МБОУ;СОО;школа;;;Усть-Вельская средняя общеобразовательная школа №23;Горка Муравьевская;деревня;Вельский район;
015;"муниципальное бюджетное образовательное учреждение ""Солгинская средняя общеобразовательная школа №86""";МБОУ;СОО;школа;;;Солгинская средняя общеобразовательная школа №86;Солгинский;поселок;Вельский район;
016;"муниципальное бюджетное образовательное учреждение ""Средняя общеобразовательная школа №90 п.Кулой""";МБОУ;СОО;школа;;;Средняя общеобразовательная школа №90 п.Кулой;Кулой;поселок;Вельский район;
017;"муниципальное бюджетное образовательное учреждение ""Средняя общеобразовательная школа №92 г.Вельска""";МБОУ;СОО;школа;;;Средняя общеобразовательная школа №92 г.Вельска;Вельск;город;;
018;"муниципальное бюджетное образовательное учреждение ""Вечерняя (сменная) общеобразовательная школа""";МБОУ;СОО;школа;сменная;вечерняя;Вечерняя (сменная) общеобразовательная школа;Вельск;город;;
019;"муниципальное бюджетное образовательное учреждение муниципального образования ""Верхнетоемский муниципальный район "" ""Афанасьевская средняя общеобразовательная школа""";МБОУ;СОО;школа;;;Афанасьевская средняя общеобразовательная школа;Вознесенское;село;Верхнетоемский район;
020;"муниципальное бюджетное образовательное учреждение муниципального образования ""Верхнетоемский муниципальный район"" ""Авнюгская средняя общеобразовательня школа""";МБОУ;СОО;школа;;;Авнюгская средняя общеобразовательня школа;Авнюгский;поселок;Верхнетоемский район;
021;"муниципальное бюджетное образовательное учреждение муниципального образования ""Верхнетоемский муниципальный район"" ""Верхнетоемская средняя общеобразовательная школа""";МБОУ;СОО;школа;;;Верхнетоемская средняя общеобразовательная школа;Верхняя Тойма;село;Верхнетоемский район;
022;"муниципальное бюджетное образовательное учреждение муниципального образования ""Верхнетоемский муниципальный район"" "" Выйская средняя общеобразовательная школа""";МБОУ;СОО;школа;;;Выйская средняя общеобразовательная школа;Окуловская;деревня;Верхнетоемский район;
023;"муниципальное бюджетное образовательное учреждение муниципального образования ""Верхнетоемский муниципальный район"" ""Зеленниковская средняя общеобразовательная школа""";МБОУ;СОО;школа;;;Зеленниковская средняя общеобразовательная школа;Зеленник;поселок;Верхнетоемский район;
024;"муниципальное бюджетное образовательное учреждение муниципального образования ""Верхнетоемский муниципальный район"" ""Нижнетоемская средняя общеобразовательная школа""";МБОУ;СОО;школа;;;Нижнетоемская средняя общеобразовательная школа;Бурцевская;деревня;Верхнетоемский район;
025;"муниципальное бюджетное образовательное учреждение муниципального образования ""Верхнетоемский муниципальный район"" ""Горковская средняя общеобразовательная школа"".";МБОУ;СОО;школа;;;Горковская средняя общеобразовательная школа;Согра;деревня;Верхнетоемский район;
026;"муниципальное бюджетное образовательное учреждение  муниципального образования ""Верхнетоемский муниципальный район"" ""Корниловская средняя общеобразовательная школа""";МБОУ;СОО;школа;;;Корниловская средняя общеобразовательная школа;Двинской;поселок;Верхнетоемский район;
027;"Муниципальное образовательное учреждение ""Вилегодская средняя общеобразовательная школа""";МОУ;СОО;школа;;;Вилегодская средняя общеобразовательная школа;Вилегодск;село;Вилегодский район;
028;"Муниципальное образовательное учреждение ""Вохтинская средняя общеобразовательная школа""";МОУ;СОО;школа;;;Вохтинская средняя общеобразовательная школа;Широкий;поселок;Вилегодский район;
029;"Муниципальное образовательное учреждение ""Ильинская средняя общеобразовательная школа""";МОУ;СОО;школа;;;Ильинская средняя общеобразовательная школа;Ильинско-Подомское;село;Вилегодский район;
030;"муниципальное образовательное учреждение ""Никольская средняя общеобразовательная школа""";МОУ;СОО;школа;;;Никольская средняя общеобразовательная школа;Никольск;село;Вилегодский район;
031;"Муниципальное образовательное учреждение ""Павловская средняя общеобразовательная школа""";МОУ;СОО;школа;;;Павловская средняя общеобразовательная школа;Залесье;деревня;Вилегодский район;
032;"Муниципальное образовательное учреждение ""Фоминская средняя общеобразовательная школа""";МОУ;СОО;школа;;;Фоминская средняя общеобразовательная школа;Фоминский;поселок;Вилегодский район;
033;"Муниципальное бюджетное образовательное учреждение ""Общеобразовательная Березниковская средняя школа""";МБОУ;СОО;школа;;;Общеобразовательная Березниковская средняя школа;Березник;поселок;Виноградовский район;
034;"Муниципальное бюджетное образовательное учреждение ""Общеобразовательная Рочегодская средняя школа""";МБОУ;СОО;школа;;;Общеобразовательная Рочегодская средняя школа;Рочегда;поселок;Виноградовский район;
035;"Муниципальное бюджетное образовательное учреждение ""Общеобразовательная Сельменьгская средняя школа""";МБОУ;СОО;школа;;;Общеобразовательная Сельменьгская средняя школа;Сельменьга;поселок;Виноградовский район;
037;"Муниципальное бюджетное образовательное учреждение ""Общеобразовательная Устьваеньгская средняя школа""";МБОУ;СОО;школа;;;Общеобразовательная Устьваеньгская средняя школа;Усть-Ваеньга;поселок;Виноградовский район;
038;"Муниципальное бюджетное образовательное учреждение ""Общеобразовательная Хетовская средняя школа""";МБОУ;СОО;школа;;;Общеобразовательная Хетовская средняя школа;Хетово;поселок;Виноградовский район;
039;"Муниципальное образовательное учреждени ""Архангельская средняя общеобразовательная школа""";МОУ;СОО;школа;;;Архангельская средняя общеобразовательная школа;Шелоховская;деревня;Каргопольский район;
040;"Муниципальное образовательное учреждение ""Кречетовская средняя общеобразовательная школа""";МОУ;СОО;школа;;;Кречетовская средняя общеобразовательная школа;Кречетово;деревня;Каргопольский район;
041;"Муниципальное образовательное учреждение ""Средняя общеобразовательная школа №2 с углубленным изучением математики""";МОУ;СОО;школа;спец;математика;Средняя общеобразовательная школа №2 с углубленным изучением математики;Каргополь;город;;
042;"Муниципальное образовательное учреждение ""Средняя общеобразовательная  школа №3""";МОУ;СОО;школа;;;Средняя общеобразовательная  школа №3;Каргополь;город;;
043;"Муниципальное образовательное учреждение""Ошевенская средняя общеобразовательная школа""";МОУ;СОО;школа;;;Ошевенская средняя общеобразовательная школа;Ширяиха;деревня;Каргопольский район;
044;"Муниципальное образовательное учреждение ""Павловская средняя общеобразовательная школа""";МОУ;СОО;школа;;;Павловская средняя общеобразовательная школа;Пригородный;поселок;Каргопольский район;
045;"Муниципальное образовательное учреждение ""Печниковская средняя общеобразовательная школа""";МОУ;СОО;школа;;;Печниковская средняя общеобразовательная школа;Ватамановская;деревня;Каргопольский район;
046;"Муниципальное образовательное учреждение ""Тихманьгская средняя общеобразовательная школа""";МОУ;СОО;школа;;;Тихманьгская средняя общеобразовательная школа;Патровская;деревня;Каргопольский район;
047;"Муниципальное образовательное учреждение ""Усачевская средняя общеобразовательная школа""";МОУ;СОО;школа;;;Усачевская средняя общеобразовательная школа;Усачевская;деревня;Каргопольский район;
048;"Муниципальное образовательное учреждение""Ухотская средняя общеобразовательная школа""";МОУ;СОО;школа;;;Ухотская средняя общеобразовательная школа;Песок;деревня;Каргопольский район;
049;"Муниципальное бюджетное образовательное учреждение ""Климовская средняя общеобразовательная школа""";МБОУ;СОО;школа;;;Климовская средняя общеобразовательная школа;Климовская;деревня;Коношский район;
050;"Муниципальное бюджетное образовательное учреждение ""Волошская средняя общеобразовательная школа""";МБОУ;СОО;школа;;;Волошская средняя общеобразовательная школа;Волошка;поселок;Коношский район;
051;"Муниципальное бюджетное образовательное учреждение ""Ерцевская средняя общеобразовательная школа""";МБОУ;СОО;школа;;;Ерцевская средняя общеобразовательная школа;Ерцево;поселок;Коношский район;
053;"Муниципальное бюджетное образовательное учреждение ""Коношская средняя общеобразовательная школа""";МБОУ;СОО;школа;рабочий поселок;;Коношская средняя общеобразовательная школа;Коноша;поселок;Коношский район;
054;"Муниципальное бюджетное образовательное учреждение ""Подюжская средняя общеобразовательная школа""";МБОУ;СОО;школа;;;Подюжская средняя общеобразовательная школа;Подюга;поселок;Коношский район;
056;"Муниципальное бюджетное образовательное учреждение ""Тавреньгская средняя общеобразовательная школа""";МБОУ;СОО;школа;;;Тавреньгская средняя общеобразовательная школа;Пономаревская;деревня;Коношский район;
057;"Муниципальное бюджетное образовательное учреждение ""Коношская вечерняя (сменная) общеобразовательная школа""";МБОУ;СОО;школа;сменная;вечерняя;Коношская вечерняя (сменная) общеобразовательная школа;Коноша;поселок;Коношский район;
058;Муниципальное общеобразовательное учреждение “Забелинская средняя общеобразовательная школа”;МОУ;СОО;школа;;;Забелинская средняя общеобразовательная школа;Федотовская;деревня;Котласский район;
059;Муниципальное общеобразовательное учреждение   “Песчанская средняя общеобразовательная школа”;МОУ;СОО;школа;;;Песчанская средняя общеобразовательная школа;Григорово;деревня;Котласский район;
060;Муниципальное общеобразовательное учреждение   “Приводинская средняя общеобразовательная школа”;МОУ;СОО;школа;;;Приводинская средняя общеобразовательная школа;Приводино;поселок;Котласский район;
061;Муниципальное общеобразовательное учреждение   “Савватиевская средняя общеобразовательная школа”;МОУ;СОО;школа;;;Савватиевская средняя общеобразовательная школа;Савватия;поселок;Котласский район;
062;Муниципальное общеобразовательное учреждение   “Сольвычегодская средняя общеобразовательная школа”;МОУ;СОО;школа;;;Сольвычегодская средняя общеобразовательная школа;Сольвычегодск;город;Котласский район;
063;Муниципальное общеобразовательное учреждение   “Удимская №1 средняя общеобразовательная школа”;МОУ;СОО;школа;;;Удимская №1 средняя общеобразовательная школа;Куимиха;деревня;Котласский район;
064;Муниципальное общеобразовательное учреждение   “Удимская №2 средняя общеобразовательная школа”;МОУ;СОО;школа;;;Удимская №2 средняя общеобразовательная школа”;Удимский;поселок;Котласский район;
065;Муниципальное общеобразовательное учреждение   “Харитоновская средняя общеобразовательная школа”;МОУ;СОО;школа;;;Харитоновская средняя общеобразовательная школа;Харитоново;поселок;Котласский район;
066;Муниципальное общеобразовательное учреждение   “Шипицынская средняя общеобразовательная школа”;МОУ;СОО;школа;;;Шипицынская средняя общеобразовательная школа;Шипицыно;поселок;Котласский район;
067;"Муниципальное  бюджетное образовательное учреждение""Верхнеуфтюгская средняя общеобразовательная школа"" муниципального образования ""Красноборский муниципальный район"" Архангельской области";МБОУ;СОО;школа;;;Верхнеуфтюгская средняя общеобразовательная школа;В-Уфтюга;село;Красноборский район;
068;"Муниципальное бюджетное образовательное учреждение""Красноборская средняя общеобразовательная школа""муниципального образования""Красноборский муниципальный район"" Архангельской области`";МБОУ;СОО;школа;;;Красноборская средняя общеобразовательная школа;Красноборск;село;Верхнеборский район;
069;"Муниципальное бюджетное образовательное учреждение ""Куликовская средняя общеобразовательная школа "" муниципального образования""Красноборский муниципальный район"" Архангельской области`";МБОУ;СОО;школа;;;Куликовская средняя общеобразовательная школа;Куликово;поселок;Верхнеборский район;
070;"Муниципальное бюджетное образовательное учреждение""Черевковская средняя общеобразовательная школа"" муниципального образования ""Красноборский муниципальный район "" Архангельской области";МБОУ;СОО;школа;;;Черевковская средняя общеобразовательная школа;Черевково;село;Верхнеборский район;
071;"Муниципальное бюждетное образовательное учреждение ""Козьминская средняя общеобразовательная школа""";МБОУ;СОО;школа;;;Козьминская средняя общеобразовательная школа;Козьмино;село;Ленский район;
072;"Муниципальное бюджетное образовательное учреждение ""Ленская средняя общеобразовательная школа""";МБОУ;СОО;школа;;;Ленская средняя общеобразовательная школа;Лена;село;Ленский район;
074;"муниципальное бюджетное образовательное учреждение ""Сойгинская  средняя общеобразовательная школа""";МБОУ;СОО;школа;;;Сойгинская  средняя общеобразовательная школа;Сойга;поселок;Ленский район;
075;"Муниципальное бюджетное образовательное учреждение ""Урдомская средняя общеобразовательная школа""";МБОУ;СОО;школа;;;Урдомская средняя общеобразовательная школа;Урдома;поселок;Ленский район;
076;"мунципальное бюджетное образовательное учреждене ""  Яренская  средняя общеобразовательная школа""";МБОУ;СОО;школа;;;Яренская  средняя общеобразовательная школа;Яренск;село;Ленский район;
077;"Муниципальное бюджетное образовательное учреждение ""Вожгорская средняя общеобразовательная школа""";МБОУ;СОО;школа;;;Вожгорская средняя общеобразовательная школа;Вожгора;село;Лешуконский район;
078;"Муниципальное бюджетное образовательное учреждение ""Койнасская средняя общеобразовательная школа""";МБОУ;СОО;школа;;;Койнасская средняя общеобразовательная школа;Койнас;село;Лешуконский район;
079;"Муниципальное бюджетное образовательное учреждение ""Лешуконская средняя общеобразовательная школа""";МБОУ;СОО;школа;;;Лешуконская средняя общеобразовательная школа;Лешуконское;село;Лешуконский район;
081;"Муниципальное бюджетное образовательное учреждение ""Устьвашская средняя общеобразовательная школа""";МБОУ;СОО;школа;;;Устьвашская средняя общеобразовательная школа;Лешуконское;село;Лешуконский район;
084;"Муниципальное бюджетное образовательное учреждение "" Каменская общеобразовательная средняя школа Мезенского района"".";МБОУ;СОО;школа;;;Каменская общеобразовательная средняя школа Мезенского района;Каменка;поселок;Мезенский район;
086;"муниципальное бюджетное образовательное учреждение ""Общеобразовательная Быченская средняя школа Мезенского района""";МБОУ;СОО;школа;;;Общеобразовательная Быченская средняя школа Мезенского района;Бычье;деревня;Мезенский район;
087;"Муниципальное бюджетное образовательное учреждение""Общеобразовательная Долгощельская средняя школа Мезенского района"".";МБОУ;СОО;школа;;;Общеобразовательная Долгощельская средняя школа Мезенского района;Долгощелье;село;Мезенский район;
088;"Муниципальное бюджетное образовательное учреждение ""Общеобразовательная Дорогорская средняя школа Мезенского района"".";МБОУ;СОО;школа;;;Общеобразовательная Дорогорская средняя школа Мезенского района;Дорогорское;село;Мезенский район;
090;"Муниципальное бюджетное образовательное учреждение""Мезенская  средняя общеобразовательная школа  "".";МБОУ;СОО;школа;;;Мезенская  средняя общеобразовательная школа;Мезень;город;;
092;"муниципальное бюджетное образовательное учреждение ""Лепшинская средняя общеобразовательная школа""";МБОУ;СОО;школа;лесной поселок;;Лепшинская средняя общеобразовательная школа;Лепша-Новый;поселок;Няндомский район;
093;"муниципальное бюджетное образовательное учреждение ""Мошинская средняя общеобразовательная  школа""";МБОУ;СОО;школа;;;Мошинская средняя общеобразовательная школа;Петариха;деревня;Няндомский район;
094;"муниципальное бюджетное образовательное учреждение ""Шалакушская средняя общеобразовательная школа""";МБОУ;СОО;школа;;;Шалакушская средняя общеобразовательная школа;Шалакуша;поселок;Няндомский район;
095;"муниципальное бюджетное образовательное учреждение ""Средняя общеобразовательная школа № 2 города Няндома""";МБОУ;СОО;школа;;;Средняя общеобразовательная школа № 2 города Няндома;Няндома;город;;
096;"муниципальное бюджетное образовательное учреждение ""Средняя общеобразовательная школа № 3 города Няндома""";МБОУ;СОО;школа;;;Средняя общеобразовательная школа № 3 города Няндома;Няндома;город;;
097;"муниципальное бюджетное образовательное учреждение ""Средняя общеобразовательная школа № 7 города Няндома""";МБОУ;СОО;школа;;;Средняя общеобразовательная школа № 7 города Няндома;Няндома;город;;
098;"муниципальное бюджетное образовательное учреждение ""Средняя общеобразовательная школа № 6 города Няндома""";МБОУ;СОО;школа;;;Средняя общеобразовательная школа № 6 города Няндома;Няндома;город;;
099;"муниципальное бюджетное образовательное учреждение ""Вечерняя (сменная) общеобразовательная школа №5 города Няндома""";МБОУ;СОО;школа;сменная;вечерняя;Вечерняя (сменная) общеобразовательная школа №5 города Няндома;Няндома;город;;
101;"Муниципальное бюджетное образовательное учреждение  ""Кодинская средняя общеобразовательная школа""";МБОУ;СОО;школа;;;Кодинская средняя общеобразовательная школа;Кодино;поселок;Онежский район;
102;"Муниципальное бюджетное образовательное учреждение ""Малошуйская средняя общеобразовательная школа""";МБОУ;СОО;школа;;;Малошуйская средняя общеобразовательная школа;Малошуйка;поселок;Онежский район;
103;"Муниципальное бюджетное образовательное учреждение ""Покровская средняя общеобразовательная школа""";МБОУ;СОО;школа;;;Покровская средняя общеобразовательная школа;Покровское;поселок;Онежский район;
104;"Муниципальное бюджетное образовательное учреждение ""Средняя общеобразовательная школа №1г.Онеги""";МБОУ;СОО;школа;;;Средняя общеобразовательная школа №1 г.Онеги;Онега;город;;
105;"Муниципальное бюджетное образовательное учреждение ""Средняя общеобразовательная школа №2 г. Онеги""";МБОУ;СОО;школа;;;Средняя общеобразовательная школа №2 г. Онеги;Онега;город;;
107;"Муниципальное бюджетное образовательное учреждение ""Средняя общеобразовательная школа №4 г.Онеги""";МБОУ;СОО;школа;;;Средняя общеобразовательная школа №4 г.Онеги;Онега;город;;
108;"Муниципальное бюджетное образовательное учреждение ""Чекуевская средняя общеобразовательная школа""";МБОУ;СОО;школа;;;Чекуевская средняя общеобразовательная школа;Анциферовский бор;деревня;Онежский район;
110;"Муниципальное бюджетное образовательное учреждение ""Вечерняя  (сменная) общеобразовательная школа г. Онеги""";МБОУ;СОО;школа;сменная;вечерняя;Вечерняя  (сменная) общеобразовательная школа г. Онеги;Онега;город;;
111;"Муниципальное бюджетное образовательное учреждение ""Карпогорская средняя общеобразовательная школа № 118"" муниципального образования ""Пинежский муниципальный район""";МБОУ;СОО;школа;;;Карпогорская средняя общеобразовательная школа № 118;Карпогоры;село;Пинежский район;
112;"Муниципальное бюджетное образовательное учреждение ""Новолавельская средняя общеобразовательная школа №3"" муниципального образования ""Пинежский муниципальный район""";МБОУ;СОО;школа;;;Новолавельская средняя общеобразовательная школа №3;Новолаева;поселок;Пинежский район;
114;"Муниципальное бюджетное образовательное учреждение ""Сурская средняя общеобразовательная школа №2"" муниципального образования ""Пинежский муниципальный район""";МБОУ;СОО;школа;;;Сурская средняя общеобразовательная школа №2;Сура;село;Пинежский район;
115;"Муниципальное  бюджетное образовательное учреждение ""Ясненская средняя общеобразовательная школа № 7"" муниципального образования ""Пинежский муниципальный  район""";МБОУ;СОО;школа;;;Ясненская средняя общеобразовательная школа № 7;Ясный;поселок;Пинежский район;
116;"Муниципальное бюджетное образовательное учреждение ""Сийская средняя общеобразовательная школа №116"" муниципального образования ""Пинежский муниципальный район""";МБОУ;СОО;школа;;;Сийская средняя общеобразовательная школа №116;Сия;поселок;Пинежский район;
117;"Муниципальное бюджетное образовательное учреждение ""Сосновская средняя общеобразовательная школа № 1"" муниципального образования ""Пинежский муниципальный район""";МБОУ;СОО;школа;;;Сосновская средняя общеобразовательная школа № 1;Сосновка;поселок;Пинежский район;
118;"Муниципальное бюджетное образовательное учреждение ""Междуреченская  средняя  общеобразовательная школа № 6"" муниципального образования ""Пинежский муниципальный район";МБОУ;СОО;школа;;;Междуреченская  средняя  общеобразовательная школа № 6;Междуреченский;поселок;Пинежский район;
119;"Муниципальное бюджетное образовательное учреждение ""Кушкопальская средняя общеобразовательная школа №4"" муниципального образования ""Пинежский муниципальный район""";МБОУ;СОО;школа;;;Кушкопальская средняя общеобразовательная школа №4;Кушкопала;деревня;Пинежский район;
120;"Муниципальное бюджетное образовательное учреждение ""Пинежская средняя общеобразовательная школа № 117"" муниципального образования ""Пинежский муниципальный район""";МБОУ;СОО;школа;;;Пинежская средняя общеобразовательная школа № 117;Пинега;поселок;Пинежский район;
121;"Муниципальное бюджетное  образовательное учреждение ""Карпогорская вечерняя (сменная) средняя общеобразовательная школа №51"" муниципального образования ""Пинежский муниципальный район""";МБОУ;СОО;школа;сменная;вечерняя;Карпогорская вечерняя (сменная) средняя общеобразовательная школа №51;Карпогоры;село;Пинежский район;
122;"муниципальное бюджетное образовательное учреждение  ""  Обозерская общеобразовательная средняя школа № 1""";МБОУ;СОО;школа;;;Обозерская общеобразовательная средняя школа № 1;Обозерский-1П;поселок;Плесецкий район;
124;"Муниципальное бюджетное образовательное учреждение ""Конёвская средняя общеобразовательная школа""";МБОУ;СОО;школа;;;Конёвская средняя общеобразовательная школа;Конево;село;Плесецкий район;
127;"муниципальное бюджетное образовательное учреждение "" Волошевская общеобразовательная средняя школа Плесецкого района""""";МБОУ;СОО;школа;;;Волошевская общеобразовательная средняя школа;Поча;поселок;Плесецкий район;
129;"муниципальное бюджетное образовательное учреждение ""Кенозерская общеобразовательная  средняя школа""";МБОУ;СОО;школа;;;Кенозерская общеобразовательная средняя школа;Погост;деревня;Плесецкий район;
131;"Муниципальное бюджетное образовательное учреждение ""Самковская общеобразовательная средняя школа""";МБОУ;СОО;школа;;;Самковская общеобразовательная средняя школа;Самково;поселок;Плесецкий район;
132;"муниципальное бюджетное образовательное учреждение""Самодедская общеобразовательная средняя школа""";МБОУ;СОО;школа;;;Самодедская общеобразовательная средняя школа;Самодед;поселок;Плесецкий район;
133;"муниципальное бюджетное образовательное учреждение "" Североонежская средняя общеобразовательная школа""";МБОУ;СОО;школа;;;Североонежская средняя общеобразовательная школа;Североонежск;поселок;Плесецкий район;
134;"Муниципальное бюджетное образовательное учреждение""Савинская общеобразовательная средняя школа""";МБОУ;СОО;школа;;;Савинская общеобразовательная средняя школа;Савинский;поселок;Плесецкий район;
135;"Муниципальное бюджетное образовательное учреждение""Обозерская общеобразовательная средняя школа №2 """;МБОУ;СОО;школа;;;Обозерская общеобразовательная средняя школа №2;Обозерский;поселок;Плесецкий район;
137;"муниципальное бюджетное образовательное учреждение ""Федовская общеобразовательная средняя школа""";МБОУ;СОО;школа;;;Федовская общеобразовательная средняя школа;Федово;село;Плесецкий район;
139;"муниципальное бюджетное образовательное учреждение  ""Оксовская общеобразовательная средняя школа""";МБОУ;СОО;школа;;;Оксовская общеобразовательная средняя школа;Оксовский;поселок;Плесецкий район;
140;"муниципальное бюджетное образовательное учреждение ""Плесецкая средняя общеобразовательная школа """;МБОУ;СОО;школа;;;Плесецкая средняя общеобразовательная школа;Плесецк;поселок;Плесецкий район;
145;"муниципальное бюджетное образовательное учреждение ""Ярнемская средняя общеобразовательная школа""";МБОУ;СОО;школа;;;Ярнемская средняя общеобразовательная школа;Улитино;поселок;Плесецкий район;
146;"МБОУ ""Васьковская средняя общеобразовательная школа""";МБОУ;СОО;школа;;;Васьковская средняя общеобразовательная школа;Васьково;поселок;Приморский район;
147;"МБОУ ""Вознесенская средняя общеобразовательная школа""";МБОУ;СОО;школа;;;Вознесенская средняя общеобразовательная школа;Вознесенье;село;Приморский район;
148;"МБОУ ""Катунинская средняя общеобразовательная школа""";МБОУ;СОО;школа;;;Катунинская средняя общеобразовательная школа;Катунино;поселок;Приморский район;
149;"МБОУ ""Ластольская средняя общеобразов. школа""";МБОУ;СОО;школа;;;Ластольская средняя общеобразов. школа;Ластола;деревня;Приморский район;
151;"МБОУ ""Заостровская средняя общеобразовательная школа""";МБОУ;СОО;школа;;;Заостровская средняя общеобразовательная школа;Рикасово;деревня;Приморский район;
152;"МБОУ ""Бобровская средняя общеобразовательная школа""";МБОУ;СОО;школа;;;Бобровская средняя общеобразовательная школа;Боброво;поселок;Приморский район;
153;"МБОУ ""Талажская средняя общеобразовательная школа""";МБОУ;СОО;школа;;;Талажская средняя общеобразовательная школа;Талаги;поселок;Приморский район;
154;"МБОУ ""Пертоминская средняя общеобразовательная школа""";МБОУ;СОО;школа;;;Пертоминская средняя общеобразовательная школа;Пертоминск;поселок;Приморский район;
156;"МБОУ ""Уемская средняя общеобразовательная школа""";МБОУ;СОО;школа;;;Уемская средняя общеобразовательная школа;Уемский;поселок;Приморский район;
157;"МБОУ ""Приморская средняя общеобразовательная школа""";МБОУ;СОО;школа;;;Приморская средняя общеобразовательная школа;Рикасиха;деревня;Приморский район;
158;"МБОУ ""Соловецкая средняя общеобразовательная школа""";МБОУ;СОО;школа;;;Соловецкая средняя общеобразовательная школа;Соловецкий;поселок;Приморский район;
159;"Муниципальное бюджетное образовательное учреждение  "" Устьянская  средняя общеобразовательная школа""";МБОУ;СОО;школа;;;Устьянская  средняя общеобразовательная школа;Шангалы;село;Устьянский район;
160;"Муниципальное бюджетное образовательное учреждение ""Березницкая средняя общеобразовательная школа""";МБОУ;СОО;школа;;;Березницкая средняя общеобразовательная школа;Березник;село;Устьянский район;
161;"Муниципальное бюджетное образовательное учреждение ""Бестужевская средняя общеобразовательная   школа""";МБОУ;СОО;школа;;;Бестужевская средняя общеобразовательная школа;Веригинская;деревня;Устьянский район;
163;"Муниципальное бюджетное образовательное учреждение ""Дмитриевская средняя общеобразовательная школа""";МБОУ;СОО;школа;;;Дмитриевская средняя общеобразовательная школа;Алферовская;деревня;Устьянский район;
164;"Муниципальное бюджетное  образовательное учреждение ""Илезская средняя общеобразовательная школа""";МБОУ;СОО;школа;;;Илезская средняя общеобразовательная школа;Илеза;поселок;Устьянский район;
165;"Муниципальное бюджетное образовательное учреждение ""Киземская средняя общеобразовательная школа""";МБОУ;СОО;школа;;;Киземская средняя общеобразовательная школа;Кизема;поселок;Устьянский район;
166;"Муниципальное бюджетное образовательное учреждение "" Малодорская средняя общеобразовательная школа""";МБОУ;СОО;школа;;;Малодорская средняя общеобразовательная школа;Малодоры;село;Устьянский район;
167;"Муниципальное бюджетное образовательное учреждение ""Октябрьская средняя общеобразовательная школа №2""";МБОУ;СОО;школа;рабочий поселок;;Октябрьская средняя общеобразовательная школа №2;Октябрьский;поселок;Устьянский район;
168;"Муниципальное бюджетное образовательное учреждение "" Ульяновская средняя общеобразовательная школа""";МБОУ;СОО;школа;;;Ульяновская средняя общеобразовательная школа;Ульяновская;деревня;Устьянский район;
169;"Муниципальное  бюджетное образовательное учреждение ""Октябрьская средняя общеобразовательная школа №1""";МБОУ;СОО;школа;;;Октябрьская средняя общеобразовательная школа №1;Октябрьский;поселок;Устьянский район;
171;"Муниципальное бюджетное образовательное учреждение ""Строевская средняя общеобразовательная школа""";МБОУ;СОО;школа;;;Строевская средняя общеобразовательная школа;Строевское;село;Устьянский район;
172;"Муниципальное бюджетное образовательное учреждение ""Лойгинская средняя общеобразовательная школа""";МБОУ;СОО;школа;;;Лойгинская средняя общеобразовательная школа;Лойга;поселок;Устьянский район;
173;"Муниципальное бюджетное образовательное учреждение ""Белогорская средняя общеобразовательная школа""муниципального образования ""Холмогорский муниципальный район""Архангельской области";МБОУ;СОО;школа;;;Белогорская средняя общеобразовательная;Белогорский;поселок;Холмогорский район;
174;"Муниципальное бюджетное образовательное учреждение ""Брин-Наволоцкая средняя общеобразовательная школа"" муниципального образования ""Холмогорский муниципальный район"" Архангельской области";МБОУ;СОО;школа;;;Брин-Наволоцкая средняя общеобразовательная школа;Брин-Наволок;поселок;Холмогорский район;
175;"Муниципальное бюджетное образовательное учреждение ""Верхне-Матигорская средняя общеобразовательная школа"" муниципального образования ""Холмогорский муниципальный район""";МБОУ;СОО;школа;;;Верхне-Матигорская средняя общеобразовательная школа;Харлово;деревня;Холмогорский район;
176;"Муниципальное бюджетное образовательное учреждение ""Двинская средняя общеобразовательная школа"" муниципального образования ""Холмогорский муниципальный район""Архангельской области";МБОУ;СОО;школа;;;Двинская средняя общеобразовательная школа;Двинской;поселок;Холмогорский район;
177;"Муниципальное бюджетное образовательное учреждение ""Емецкая средняя общеобразовательная школа имени Н. М. Рубцова"" муниципального образования ""Холмогорский муниципальный район""";МБОУ;СОО;школа;;;Емецкая средняя общеобразовательная школа имени Н. М. Рубцова;Емецк;село;Холмогорский район;
178;"Муниципальное бюджетное образовательное учреждение ""Кехотская средняя общеобразовательная школа"" муниципального образования ""Холмогорский муниципальный район"" Архангельской области";МБОУ;СОО;школа;;;Кехотская средняя общеобразовательная школа;Васильевская;деревня;Холмогорский район;
179;"Муниципальное бюджетное образовательное учреждение ""Ломоносовская средняя общеобразовательная школа им. М.В. Ломоносова"" муниципального образования ""Холмогорский муниципальный район""Архангельской области";МБОУ;СОО;школа;;;Ломоносовская средняя общеобразовательная школа им. М.В. Ломоносова;Красное село;деревня;Холмогорский район;
180;"Муниципальное бюджетное образовательное учреждение ""Луковецкая средняя общеобразовательная школа""муниципального образования ""Холмогорский муниципальный район""Архангельская область";МБОУ;СОО;школа;;;Луковецкая средняя общеобразовательная школа;Луковецкий;поселок;Холмогорский район;
182;"Муниципальное бюджетное образовательное учреждени ""Рембуевская средняя общеобразовательная школа"" муниципального образования ""Холмогорский муниципальный район""Архангельской области";МБОУ;СОО;школа;;;Рембуевская средняя общеобразовательная школа;Рембуево;поселок;Холмогорский район;
183;"Муниципальное бюджетное образовательное учреждени ""Светлозерская средняя общеобразовательная школа"" муниципального образования ""Холмогорский муниципальный район""Архангельской области";МБОУ;СОО;школа;;;Светлозерская средняя общеобразовательная школа;Светлый;поселок;Холмогорский район;
186;"Муниципальное автономное образовательное учреждение ""Холмогорская средняя общеобразовательная школа имени М.В. Ломоносова"" муниципального образования ""Холмогорский муниципальный район""Архангельской области";МАОУ;СОО;школа;;;Холмогорская средняя общеобразовательная школа имени М.В. Ломоносова;Холмогоры;село;Холмогорский район;
187;"муниципальное бюджетное образовательное учреждение ""Ровдинская средняя общеобразовательная школа""";МБОУ;СОО;школа;;;Ровдинская средняя общеобразовательная школа;Ровдино;село;Шенкурский район;
188;"муниципальное бюджетное  образовательное учреждение ""Шеговарская средняя общеобразовательная школа""";МБОУ;СОО;школа;;;Шеговарская средняя общеобразовательная школа;Шеговары;село;Шенкурский район;
189;"муниципальное бюджетное образовательное учреждение ""Шенкурская средняя общеобразовательная школа""";МБОУ;СОО;школа;;;Шенкурская средняя общеобразовательная школа;Шенкурск;город;Шенкурский район;
190;"Муниципальное бюджетное образовательное учреждение `муниципального образования ""Город Архангельск""`Средняя общеобразовательная школа №1""";МБОУ;СОО;школа;;;Средняя общеобразовательная школа №1 г. Архангельск;Архангельск;город;;163045, г. Архангельск, Октябрьский территориальный округ, ул. Комсомольская, д. 5
191;"муниципальное бюджетное образовательное учреждение муниципального образования ""Город Архангельск""""Средняя общеобразовательная школа № 2""";МБОУ;СОО;школа;;;Средняя общеобразовательная школа № 2 г. Архангельск;Архангельск;город;;163072, г. Архангельск, просп. Советских Космонавтов, д. 188, корп. 1
192;"Муниципальное бюджетное образовательное учреждение муниципального образования ""Город Архангельск"" ""Общеобразовательная гимназия №3""";МБОУ;СОО;школа;;;Общеобразовательная гимназия №3 г. Архангельск;Архангельск;город;;163000, г. Архангельск, ул. Воскресенская, д. 7, корп. 1
193;"муниципальное бюджетное образовательное учреждение муниципального образования ""Город Архангельск""Средняя общеобразовательная школа № 4""";МБОУ;СОО;школа;;;Средняя общеобразовательная школа № 4 г. Архангельск;Архангельск;город;;163046, г. Архангельск, Ломоносовский территоральный округ, ул. Суфтина, д. 20
194;"Муниципальное бюджетное образовательное учреждение муниципального образования ""Город Архангельск""""Средняя общеобразовательная школа № 5""";МБОУ;СОО;школа;;;Средняя общеобразовательная школа № 5 г. Архангельск;Архангельск;город;;163051, г. Архангельск, Октябрьский территориальный округ, ул. Воскресенская, д. 103, корп. 1
195;"Муниципальное бюджетное образовательное учреждение муниципального образования ""Город Архангельск"" ""Общеобразовательная гимназия № 6""";МБОУ;СОО;школа;;;Общеобразовательная гимназия № 6 г. Архангельск;Архангельск;город;;163000, г. Архангельск, Октябрьский территориальный округ, просп. Троицкий, д. 69
196;"Муниципальное бюджетное образовательное учреждение муниципального образования ""Город Архангельск""""Средняя общеобразовательная школа № 8""";МБОУ;СОО;школа;;;Средняя общеобразовательная школа № 8 г. Архангельск;Архангельск;город;;163046, г. Архангельск, Ломоносовский территориальный округ, просп. Обводный канал, д. 30
197;"Муниципальное бюджетное образовательное учреждение муниципального образования ""Город Архангельск""""Средняя общеобразовательная школа № 9""";МБОУ;СОО;школа;;;Средняя общеобразовательная школа № 9 г. Архангельск;Архангельск;город;;163000, г. Архангельск, просп. Ломоносова, д. 80
198;"муниципальное бюджетное образовательное учреждение муниципального образования ""Город Архангельск""""Средняя общеобразовательная школа №10""";МБОУ;СОО;школа;;;Средняя общеобразовательная школа №10 г. Архангельск;Архангельск;город;;163071, г. Архангельск, Октябрьский территориальный округ, ул. Воскресенская, д. 95, корп. 3
199;"Муниципальное бюджетное образовательное учреждение муниципального образования ""Город Архангельск""""Средняя общеобразовательная школа № 11""";МБОУ;СОО;школа;;;Средняя общеобразовательная школа № 11 г. Архангельск;Архангельск;город;;163000, г. Архангельск, Октябрьский территориальный округ, просп. Советских Космонавтов, д. 153
200;"муниципальное бюджетное образовательное учреждение муниципального образования ""Город Архангельск""""Средняя общеобразовательная школа № 14""";МБОУ;СОО;школа;;;Средняя общеобразовательная школа № 14 г. Архангельск;Архангельск;город;;163061, г. Архангельск, Октябрьский территориальный округ, просп. Троицкий, д. 130
201;"Муниципальное бюджетное образовательное учреждение муниципального образования ""Город Архангельск""""Средняя общеобразовательная школа № 17""";МБОУ;СОО;школа;;;Средняя общеобразовательная школа № 17 г. Архангельск;Архангельск;город;;163060, г. Архангельск, Ломоносовский территориальный округ, ул. Воскресенская, д. 106, корп. 2
202;"Муниципальное бюджетное образовательное учреждение муниципального образования ""Город Архангельск""""Средняя общеобразовательная школа № 20""";МБОУ;СОО;школа;;;Средняя общеобразовательная школа № 20 г. Архангельск;Архангельск;город;;163060, г. Архангельск, Ломоносовский территориальный округ, ул. 23-й Гвардейской дивизии, д. 8
203;"муниципальное бюджетное образовательное учреждение муниципального образования ""Город Архангельск"" ""Общеобразовательная гимназия № 21""";МБОУ;СОО;гимназия;спец;;Общеобразовательная гимназия № 21 г. Архангельск;Архангельск;город;;163002, г. Архангельск, Ломоносовский территориальный округ, ул. Урицкого, д. 9
204;"Муниципальное бюджетное образовательное учреждение муниципального образования ""Город Архангельск""""Средняя общеобразовательная школа № 22""";МБОУ;СОО;школа;;;Средняя общеобразовательная школа № 22 г. Архангельск;Архангельск;город;;163061, г. Архангельск, Ломоносовский территориальный округ, просп. Советских Космонавтов, д. 69
205;"Муниципальное бюджетное образовательное учреждение муниципального образования ""Город Архангельск""""Средняя общеобразовательная школа № 23 имени А.С. Пушкина""";МБОУ;СОО;школа;;;Средняя общеобразовательная школа № 23 имени А.С. Пушкина г. Архангельск;Архангельск;город;;163001, г. Архангельск, Октябрьский территориальный округ, просп. Троицкий, д. 162
206;"Муниципальное бюджетное образовательное учреждение муниципального образования ""Город Архангельск"" ""Общеобразовательная гимназия № 24""";МБОУ;СОО;гимназия;спец;;Общеобразовательная гимназия № 24 г. Архангельск;Архангельск;город;;163051, г. Архангельск, Октябрьский территориальный округ, ул. Тимме, д. 22, корп. 3
207;"Муниципальное бюджетное образовательное учреждение муниципального образования ""город Архангельск""""Общеобразовательная гимназия № 25""";МБОУ;СОО;гимназия;спец;;Общеобразовательная гимназия № 25 г. Архангельск;Архангельск;город;;163065, г. Архангельск, территориальный округ Майская горка, просп. Московский, д. 43, корп. 2
208;"Муниципальное бюджетное образовательное учреждение муниципального образования ""Город Архангельск""""Средняя общеобразовательная школа № 26""";МБОУ;СОО;школа;;;Средняя общеобразовательная школа № 26 г. Архангельск;Архангельск;город;;163057, г. Архангельск, территориальный округ Варавино-Фактория, ул. Воронина, д. 37, корп. 4
209;"Муниципальное бюджетное образовательное учреждение муниципального образования ""Город Архангельск""""Средняя общеобразовательная школа № 27""";МБОУ;СОО;школа;;;Средняя общеобразовательная школа № 27 г. Архангельск;Архангельск;город;;163016, г. Архангельск, территориальный округ Варавино-Фактория, ул. Кирова, д. 7
210;"Муниципальное бюджетное образовательное учреждение муниципального образования ""Город Архангельск""""Средняя общеобразовательная школа № 28""";МБОУ;СОО;школа;;;Средняя общеобразовательная школа № 28 г. Архангельск;Архангельск;город;;163057, г. Архангельск, территориальный округ Варавино-Фактория, ул. Воронина, д. 27
211;"муниципальное бюджетное образовательное учреждение муниципального образования ""Город Архангельск""""Средняя общеобразовательная школа № 30""";МБОУ;СОО;школа;;;Средняя общеобразовательная школа № 30 г. Архангельск;Архангельск;город;;163030, г. Архангельск, территориальный округ Варавино-Фактория, ул. Квартальная, д. 10
212;"муниципальное бюджетное образовательное учреждение муниципального образования ""Город Архангельск""""Архангельская средняя общеобразовательная школа Соловецких юнг""";МБОУ;СОО;школа;спец;морской;Архангельская средняя общеобразовательная школа Соловецких юнг;Архангельск;город;;163065, г. Архангельск, территориальный округ Майская горка, ул. Прокопия Галушина, д. 25, корп. 1
213;"Муниципальное бюджетное образовательное учреждение муниципального образования ""Город Архангельск""""Средняя общеобразовательная школа № 33""";МБОУ;СОО;школа;;;Средняя общеобразовательная школа № 33 г. Архангельск;Архангельск;город;;163051, г. Архангельск, Ломоносовский территориальный округ, ул. 23-й Гвардейской дивизии, д. 9
214;"Муниципальное бюджетное образовательное учреждение муниципального образования ""Город Архангельск""""Средняя общеобразовательная школа № 34""";МБОУ;СОО;школа;;;Средняя общеобразовательная школа № 34 г. Архангельск;Архангельск;город;;163039, г. Архангельск, Исакогорский территориальный округ, ул. Клепача, д. 3
215;"Муниципальное бюджетное образовательное учреждение муниципального образования ""Город Архангельск""""Средняя общеобразовательная школа № 35""";МБОУ;СОО;школа;;;Средняя общеобразовательная школа № 35 г. Архангельск;Архангельск;город;;163009, г. Архангельск, Майская горка, ул. Ф. Абрамова, д. 14
216;"Муниципальное бюджетное образовательное учреждение муниципального образования ""Город Архангельск""""Средняя общеобразовательная школа № 36""";МБОУ;СОО;школа;;;Средняя общеобразовательная школа № 36 г. Архангельск;Архангельск;город;;163002, г. Архангельск, Ломоносовский территориальный округ, ул. Смольный Буян, д. 18, корп. 2
217;"Муниципальное бюджетное  образовательное учреждение муниципального образования ""Город Архангельск""""Средняя общеобразовательная школа № 37""";МБОУ;СОО;школа;;;Средняя общеобразовательная школа № 37 г. Архангельск;Архангельск;город;;163059, г. Архангельск, ул. Кировская, д. 21
219;"Муниципальное бюджетное образовательное учреждение муниципального образования ""Город Архангельск""""Средняя общеобразовательная школа № 43""";МБОУ;СОО;школа;;;Средняя общеобразовательная школа № 43 г. Архангельск;Архангельск;город;;163012, г. Архангельск, Северный территориальный округ, ул. Кировская, д. 12
220;"Муниципальное бюджетное образовательное учреждение муниципального образования ""Город Архангельск""""Средняя общеобразовательная школа № 45""";МБОУ;СОО;школа;;;Средняя общеобразовательная школа № 45 г. Архангельск;Архангельск;город;;163071, г. Архангельск, Октябрьский территориальный округ, ул. Садовая, д. 61
221;"Муниципальное бюджетное образовательное учреждение муниципального образования ""Город Архангельск""""Средняя общеобразовательная школа № 49""";МБОУ;СОО;школа;;;Средняя общеобразовательная школа № 49 г. Архангельск;Архангельск;город;;163020, г. Архангельск, Соломбальский территориальный округ, просп. Никольский, д. 152
222;"Муниципальное бюджетное  образовательное учреждение муниципального образования ""Город Архангельск""""Средняя общеобразовательная школа № 50""";МБОУ;СОО;школа;;;Средняя общеобразовательная школа № 50 г. Архангельск;Архангельск;город;;163020, г. Архангельск, Соломбальский территориальный округ, ул. Краснофлотская, д. 3
223;"Муниципальное бюджетное образовательное учреждение муниципального образования ""Город Архангельск"" ""Средняя общеобразовательная школа № 51 имени Ф.А. Абрамова""";МБОУ;СОО;школа;;;Средняя общеобразовательная школа № 51 имени Ф.А. Абрамова г. Архангельск;Архангельск;город;;163059, г. Архангельск, Северный территориальный округ, ул. Малиновского, д. 4
224;"Муниципальное бюджетное образовательное учреждение муниципального образования ""Город Архангельск""""Средняя общеобразовательная школа № 52""";МБОУ;СОО;школа;;;Средняя общеобразовательная школа № 52 г. Архангельск;Архангельск;город;;163020, г. Архангельск, ул. Маяковского, д. 41
225;"Муниципальное казенное образовательное учреждение муниципального образования ""Город Архангельск""""Средняя общеобразовательная школа № 54""";МКОУ;СОО;школа;;;Средняя общеобразовательная школа № 54;Архангельск;город;;163018, г. Архангельск, ул. Луганская, д. 6
226;"муниципальное бюджетное образовательное учреждение муниципального образования ""Город Архангельск""""Средняя общеобразовательная школа №55"" имени А.И.Анощенкова";МБОУ;СОО;школа;;;Средняя общеобразовательная школа №55 имени А.И.Анощенкова г. Архангельск;Архангельск;город;;163025, г. Архангельск, Маймаксанский территориальный округ, ул. Пионерская, д. 82, корп. 1
228;"Муниципальное бюджетное образовательное учреждение муниципального образования ""Город Архангельск""""Средняя общеобразовательная школа №59 имени Героя Советского  Союза М.Е.Родионова""";МБОУ;СОО;школа;;;Средняя общеобразовательная школа №59 имени Героя Советского Союза М.Е.Родионова г. Архангельск;Архангельск;город;;163026, г. Архангельск, Маймаксанский территориальный округ, ул. Победы, д. 128, корп. 1
229;"Муниципальное казенное образовательное учреждение муниципального образования ""Город Архангельск""""Средняя общеобразовательная школа № 60""";МКОУ;СОО;школа;;;Средняя общеобразовательная школа № 60;Архангельск;город;;163029, г. Архангельск, Маймаксанский территориальный округ, ул. Мудьюгская, д. 25
230;"Муниципальное бюджетное образовательное учреждение муниципального образования ""Город Архангельск""""Средняя общеобразовательная школа № 62""";МБОУ;СОО;школа;;;Средняя общеобразовательная школа № 62 г. Архангельск;Архангельск;город;;163013, г. Архангельск, Соломбальский территориальный округ, ул. Кедрова, д. 34
231;"муниципальное бюджетное образовательное учреждение муниципального образования ""Город Архангельск""""Средняя общеобразовательная школа № 68""";МБОУ;СОО;школа;;;Средняя общеобразовательная школа № 68 г. Архангельск;Архангельск;город;;163022, г. Архангельск, Маймаксанский территориальный округ, ул. Менделеева, д. 19
234;"Муниципальное бюджетное образовательное учреждение муниципального образования ""Город Архангельск""""Средняя общеобразовательная школа № 73""";МБОУ;СОО;школа;;;Средняя общеобразовательная школа № 73 г. Архангельск;Архангельск;город;;163044, г. Архангельск, Цигломенский территориальный округ, ул. Стивидорская, д. 11
235;"Муниципальное бюджетное образовательное учреждение муниципального образования ""Город Архангельск""""Средняя общеобразовательная школа № 77""";МБОУ;СОО;школа;;;Средняя общеобразовательная школа № 77 г. Архангельск;Архангельск;город;;163035, г. Архангельск, ул. Дежневцев, д. 12
236;"Муниципальное бюджетное образовательное учреждение муниципального образования ""Город Архангельск""""Средняя общеобразовательная школа № 82""";МБОУ;СОО;школа;;;Средняя общеобразовательная школа № 82 г. Архангельск;Архангельск;город;;163038, г. Архангельск, Исакогорский территориальный округ, ул. Речников, д. 46
240;"муниципальное бюджетное образовательное учреждение муниципального образования ""Город Архангельск""""Средняя общеобразовательная школа №95""";МБОУ;СОО;школа;;;Средняя общеобразовательная школа №95 г. Архангельск;Архангельск;город;;163015, г. Архангельск, территориальный округ Майская горка, просп. Ленинградский, д. 169
241;"Муниципальное бюджетное образовательное учреждение муниципального образования ""Город Архангельск""""Общеобразовательный эколого-биологический лицей""";МБОУ;СОО;лицей;спец;эколого-биологический;Общеобразовательный эколого-биологический лицей г. Архангельск;Архангельск;город;;163009, г. Архангельск, округ Майская горка, просп. Ленинградский, д. 75
242;"государственное нетиповое образовательное учреждение Архангельской области ""Университетская Ломоносовская Гимназия""";Государственное нетиповое образовательное учреждение ;СОО;гимназия;спец;;Университетская Ломоносовская Гимназия;Архангельск;город;;63000, г. Архангельск, набережная Северной Двины, д. 25
246;"""Северная коммерческая школа""";Северная коммерческая школа;СОО;школа;негос;;Северная коммерческая школа;Архангельск;город;;163002, г. Архангельск, ул. Суворова, д. 2/ наб. Северной Двины, д. 123
247;"Негосударственное образовательное учреждение  ""Ксения""";НГО;СОО;школа;негос;;"Негосударственное образовательное учреждение  ""Ксения""";Архангельск;город;;163002, г. Архангельск, ул. Урицкого, д. 8
248;"Муниципальное бюджетное образовательное учреждение муниципального образования ""Город Архангельск""""Открытая (сменная) общеобразовательная школа""";МБОУ;СОО;школа;сменная;открытая;Открытая (сменная) общеобразовательная школа г. Архангельск;Архангельск;город;;163000, г. Архангельск, Ломоносовский территориальный округ, просп. Чумбарова-Лучинского, д. 28
251;"Муниципальное образовательное учреждение ""Средняя общеобразовательная школа №2 города Коряжмы""";МОУ;СОО;школа;;;Средняя общеобразовательная школа №2 г. Коряжма;Коряжма;город;;
252;"Муниципальное образовательное учреждение ""Средняя общеобразовательная школа №3 г. Коряжмы""";МОУ;СОО;школа;;;Средняя общеобразовательная школа №3 г. Коряжмы;Коряжма;город;;
253;"Муниципальное образовательное учреждение ""Средняя общеобразовательная школа №4 города Коряжмы""";МОУ;СОО;школа;;;Средняя общеобразовательная школа №4 города Коряжмы;Коряжма;город;;
254;"Муниципальное образовательное учреждение ""Средняя общеобразовательная школа №5 г. Коряжмы""";МОУ;СОО;школа;;;Средняя общеобразовательная школа №5 г. Коряжмы;Коряжма;город;;
255;"Муниципальное образовательное учреждение ""Средняя общеобразовательная школа №6 города Коряжмы""";МОУ;СОО;школа;;;Средняя общеобразовательная школа №6 города Коряжмы;Коряжма;город;;
256;"муниципальное образовательное учреждение ""Средняя общеобразовательная школа №7 города Коряжмы""";МОУ;СОО;школа;;;Средняя общеобразовательная школа №7 города Коряжмы;Коряжма;город;;
257;"Муниципальное образовательное учреждение""Вечерняя (сменная) общеобразовательная школа города Коряжмы""";МОУ;СОО;школа;сменная;вечерняя;Вечерняя (сменная) общеобразовательная школа города Коряжмы;Коряжма;город;;
259;"Муниципальное общеобразовательное учреждение ""Средняя общеобразовательная школа №2""";МОУ;СОО;школа;;;Средняя общеобразовательная школа №2 г. Котласа;Котлас;город;;165300, Архангельская область, г. Котлас, ул. Кедрова, д. 9
260;"Муниципальное общеобразовательное учреждение ""Общеобразовательный лицей №3""";МОУ;СОО;лицей;спец;;Общеобразовательный лицей №3 г. Котласа;Котлас;город;;165300, Архангельская область, г. Котлас, ул. Виноградова, д. 3
261;"Муниципальное общеобразовательное учреждение ""Средняя общеобразовательная школа №4""";МОУ;СОО;школа;;;Средняя общеобразовательная школа №4 г. Котласа;Котлас;город;;165300, Архангельская область, г. Котлас, ул. Ленина, д. 103
263;"Муниципальное общеобразовательное учреждение ""Средняя общеобразовательная школа №5""";МОУ;СОО;школа;;;Средняя общеобразовательная школа №5 г. Котласа;Котлас;город;;165311, Архангельская область, г. Котлас, ул. Герцена, д. 8-а
264;"Муниципальное общеобразовательное учреждение ""Средняя общеобразовательная школа №7""";МОУ;СОО;школа;;;Средняя общеобразовательная школа №7 г. Котласа;Котлас;город;;165300, Архангельская область, г. Котлас, ул. 70 лет Октября, д. 21
266;"Муниципальное общеобразовательное учреждение ""Средняя общеобразовательная школа №17""";МОУ;СОО;школа;;;Средняя общеобразовательная школа №17 г. Котласа;Котлас;город;;165300, Архангельская область, г. Котлас, ул. Багратиона, д. 10
267;"Муниципальное общеобразовательное учреждение ""Средняя общеобразовательная школа №18""";МОУ;СОО;школа;;;Средняя общеобразовательная школа №18 г. Котласа;Котлас;город;;165300, Архангельская область, г. Котлас, ул. Маяковского, д. 31
268;"Муниципальное общеобразовательное учреждение ""Средняя общеобразовательная школа №75""";МОУ;СОО;школа;;;Средняя общеобразовательная школа №75 г. Котласа;Котлас;город;;165300, Архангельская область, г. Котлас, пос. Вычегодский, ул. Медицинская, д. 12
269;"Муниципальное общеобразовательное учреждение ""Средняя общеобразовательная школа №76""";МОУ;СОО;школа;;;Средняя общеобразовательная школа №76 г. Котласа;Котлас;город;;165300, Архангельская область, г. Котлас, ул. Калинина, д. 21
270;"Муниципальное общеобразовательное учреждение ""Средняя общеобразовательная школа №82""";МОУ;СОО;школа;;;Средняя общеобразовательная школа №82 г. Котласа;Котлас;город;;165300, Архангельская область, г. Котлас, ул. Маяковского, д. 1, фл. 1
271;"Муниципальное общеобразовательное учреждение ""Средняя общеобразовательная школа №91""";МОУ;СОО;школа;;;Средняя общеобразовательная школа №91 г. Котласа;Котлас;город;;165340, Архангельская область, г. Котлас, пос. Вычегодский, ул. Ленина, д. 39
272;"Муниципальное общеобразовательное учреждение ""Вечерняя (сменная) общеобразовательная школа №1""";МОУ;СОО;школа;сменная;вечерняя;Вечерняя (сменная) общеобразовательная школа №1 г. Котласа;Котлас;город;;165300, Архангельская область, г. Котлас, ул. Багратиона, д. 10
273;"Негосударственное общеобразовательное учреждение  ""Школа-интернат №1 среднего (полного) общего образования открытого акционерного общества ""Российские железные дороги""";НГО;СОО;школа;негос;жд;"Школа-интернат №1 среднего (полного) общего образования открытого акционерного общества ""Российские железные дороги""";Котлас;город;;165300, Архангельская область, г. Котлас, ул. Маяковского, д. 3 
274;"Муниципальное образовательное учреждение ""Средняя общеобразовательная школа №1""";МОУ;СОО;школа;;;Средняя общеобразовательная школа №1 г. Новодвинск;Новодвинск;город;;
275;"Муниципальное образовательное учреждение ""Средняя общеобразовательная школа №2""";МОУ;СОО;школа;;;Средняя общеобразовательная школа №2 г. Новодвинск;Новодвинск;город;;
276;"Муниципальное образовательное учреждение ""Средняя общеобразовательная школа №3""";МОУ;СОО;школа;;;Средняя общеобразовательная школа №3 г. Новодвинск;Новодвинск;город;;
277;"Муниципальное образовательное учреждение ""Средняя общеобразовательная школа №4""";МОУ;СОО;школа;;;Средняя общеобразовательная школа №4 г. Новодвинск;Новодвинск;город;;
278;"Муниципальное образовательное учреждение ""Средняя общеобразовательная школа №6""";МОУ;СОО;школа;;;Средняя общеобразовательная школа №6 г. Новодвинск;Новодвинск;город;;
279;"Муниципальное образовательное учреждение ""Средняя общеобразовательная школа №7""";МОУ;СОО;школа;;;Средняя общеобразовательная школа №7 г. Новодвинск;Новодвинск;город;;
280;"Муниципальное образовательное учреждение ""Средняя общеобразовательная школа №8""";МОУ;СОО;школа;;;Средняя общеобразовательная школа №8 г. Новодвинск;Новодвинск;город;;
281;"Муниципальное образовательное учреждение ""Новодвинская гимназия""";МОУ;СОО;гимназия;спец;;Новодвинская гимназия;Новодвинск;город;;
283;"Муниципальное автономное образовательное учреждение ""Средняя общеобразовательная школа №2""";МАОУ;СОО;школа;;;Средняя общеобразовательная школа №2 г. Северодвинск;Северодвинск;город;;164522, Архангельская область, г. Северодвинск, ул. Трухинова, д. 10
284;"муниципальное бюджетное образовательное учреждение ""Средняя общеобразовательная школа №3 имени Героя Советского Союза Константина Матвеевича Трухинова""";МБОУ;СОО;школа;;;Средняя общеобразовательная школа №3 имени Героя Советского Союза Константина Матвеевича Трухинова г. Северодвинск;Северодвинск;город;;164520, Архангельская область, г. Северодвинск, ул. Железнодорожная, д. 21в
286;"муниципальное бюджетное образовательное учреждение ""Средняя общеобразовательная школа № 5""";МБОУ;СОО;школа;спец;математика;Средняя общеобразовательная школа № 5 г. Северодвинск;Северодвинск;город;;164524, Архангельская область, г. Северодвинск, ул. Мира, д. 23в
287;"муниципальное  автономное образовательное учреждение ""Средняя общеобразовательная школа № 6 с углубленным изучением иностранных языков""";МАОУ;СОО;школа с углубленным изучением;ин.яз.;;Средняя общеобразовательная школа № 6 с углубленным изучением иностранных языков;Северодвинск;город;;164515, Архангельская область, г. Северодвинск, ул. Ломоносова, д. 83
289;"Муниципальное бюджетное образовательное  учреждение  ""Гуманитарная гимназия № 8""";МБОУ;СОО;гимназия;спец;гуманитарная;Гуманитарная гимназия № 8 г. Северодвинск;Северодвинск;город;;164520, Архангельская область, г. Северодвинск, ул. Торцева, д. 12
290;"Муниципальное бюджетное образовательное учреждение""Средняя общеобразовательная школа №9""";МБОУ;СОО;школа;;;Средняя общеобразовательная школа №9 г. Северодвинск;Северодвинск;город;;164501, Архангельская область, г. Северодвинск, ул. Торцева, д. 36
291;"муниципальное бюджетное  образовательное учреждение ""Морская  кадетская школа имени адмирала Котова Павла Григорьевича""";МБОУ;СОО;школа;спец;морской;Морская  кадетская школа имени адмирала Котова Павла Григорьевича;Северодвинск;город;;164500, Архангельская область, г. Северодвинск, ул. Комсомольская, д. 7
292;"муниципальное бюджетное образовательное учреждение ""Средняя общеобразовательная школа №11""";МБОУ;СОО;школа;;;Средняя общеобразовательная школа №11 г. Северодвинск;Северодвинск;город;;164521, Архангельская область, г. Северодвинск, ул. Строителей, д. 43а
293;"Муниципальное бюджетное образовательное учреждение ""Средняя общеобразовательная школа №12""";МБОУ;СОО;школа;;;Средняя общеобразовательная школа №12;Северодвинск;город;;164504, Архангельская область, г. Северодвинск, ул. Гагарина, д. 24
294;"муниципальное бюджетное образовательное учреждение ""Средняя общеобразовательная школа №13""";МБОУ;СОО;школа;;;Средняя общеобразовательная школа №13;Северодвинск;город;;164502, Архангельская область, г. Северодвинск, ул. Лебедева, д. 10 а
295;"муниципальное бюджетное образовательное учреждение  ""Северодвинская городская гимназия""";МБОУ;СОО;гимназия;спец;ин.яз.;Северодвинская городская гимназия г. Северодвинск;Северодвинск;город;;164501, Архангельская область, г. Северодвинск, ул. Торцева, д. 59
296;"муниципальное бюджетное образовательное учреждение ""Средняя общеобразовательная школа №16""";МБОУ;СОО;школа;;;Средняя общеобразовательная школа №16 г. Северодвинск;Северодвинск;город;;164500, Архангельская область, г. Северодвинск, ул. Тургенева, д. 8
297;"муниципальное бюджетное образовательное учреждение ""Общеобразовательный лицей №17""";МБОУ;СОО;лицей;спец;физико-математический;Общеобразовательный лицей №17 г. Северодвинск;Северодвинск;город;;164504, Архангельская область, г. Северодвинск, ул. Капитана Воронина, д. 24
298;"Муниципальное бюджетное образовательное учреждение  ""Средняя общеобразовательная школа №19""";МБОУ;СОО;школа;;;Средняя общеобразовательная школа №19 г. Северодвинск;Северодвинск;город;;164524, Архангельская область, г. Северодвинск, ул. Октябрьская, д. 31
299;"Муниципальное бюджетное  образовательное учреждение ""Средняя общеобразовательная школа №20 с углубленным изучением социально-экономических дисциплин""";МБОУ;СОО;школа;спец;социально-экономическая;Средняя общеобразовательная школа №20 с углубленным изучением социально-экономических дисциплин г. Северодвинск;Северодвинск;город;;164500, Архангельская область, г. Северодвинск, просп. Труда, д. 7б
300;"Муниципальное бюджетное образовательное учреждение ""Средняя общеобразовательная школа №21""";МБОУ;СОО;школа;;;Средняя общеобразовательная школа №21 г. Северодвинск;Северодвинск;город;;164500,Архангельская область, г. Северодвинск, ул. Серго Орджоникидзе, д. 15
301;"Муниципальное бюджетное образовательное учреждение ""Средняя общеобразовательная школа №22""";МБОУ;СОО;школа;;;Средняя общеобразовательная школа №22 г. Северодвинск;Северодвинск;город;;164512, Архангельская область, г. Северодвинск, ул. К. Маркса, д. 33
302;"Муниципальное бюджетное  образовательное учреждение ""Средняя общеобразовательная школа № 23""";МБОУ;СОО;школа;;;Средняя общеобразовательная школа № 23 г. Северодвинск;Северодвинск;город;;164500, Архангельская область, г. Северодвинск, просп. Труда, д. 14а
303;"Муниципальное бюджетное образовательное учреждение  ""Средняя общеобразовательная школа №24""";МБОУ;СОО;школа;;;Средняя общеобразовательная школа №24 г. Северодвинск;Северодвинск;город;;164524, Архангельская область, г. Северодвинск, ул. Дзержинского, д. 11а
304;"Муниципальное бюджетное образовательное учреждение ""Средняя общеобразовательная школа № 25""";МБОУ;СОО;школа;;;Средняя общеобразовательная школа № 25;Северодвинск;город;;164500, Архангельская область, г. Северодвинск, просп. Морской, д. 12а
305;"Муниципальное бюджетное образовательное учреждение ""Лингвистическая гимназия №27""";МБОУ;СОО;гимназия;спец;ин.яз.;Лингвистическая гимназия №27 г. Северодвинск;Северодвинск;город;;164514, Архангельская область, г. Северодвинск, ул. Арктическая, д. 16
306;"Муниципальное бюджетное образовательное учреждение ""Средняя общеобразовательная школа №28""";МБОУ;СОО;школа;;;Средняя общеобразовательная школа №28 г. Северодвинск;Северодвинск;город;;164505, Архангельская область, г. Северодвинск, ул. Юбилейная, д. 17
307;"Муниципальное бюджетное образовательное учреждение  ""Средняя общеобразовательная школа № 29""";МБОУ;СОО;школа;;;Средняя общеобразовательная школа № 29 г. Северодвинск;Северодвинск;город;;164523, Архангельская область, г. Северодвинск, просп. Морской, д. 56 А
308;"Муниципальное бюджетное образовательное учреждение ""Средняя общеобразовательная школа №30""";МБОУ;СОО;школа;;;Средняя общеобразовательная школа №30 г. Северодвинск;Северодвинск;город;;164522, Архангельская область, г. Северодвинск, ул. Коновалова, д. 3а
309;"муниципальное автономное образовательное учреждение ""Ягринская гимназия""";МАОУ;СОО;гимназия;спец;;Ягринская гимназия;Северодвинск;город;;164524, Архангельская область, г. Северодвинск, Приморский бульвар, д. 50
311;"Государственное бюджетное образовательное учреждение Архангельской области для детей сирот и детей, оставшихся без попчения родителей ""Северодвинская общеобразовательная средняя школа - интернат""";ГБОУ;СОО;школа-интернат;корр;;Северодвинская общеобразовательная средняя школа - интернат;Северодвинск;город;;164509, Архангельская область, г. Северодвинск, ул. Корабельная, д. 1
313;муниципальное  бюджетное образовательное учреждение средняя общеобразовательная школа №1 города Мирного Архангельской области;МБОУ;СОО;школа;;;Средняя общеобразовательная школа №1 города Мирного;Мирный;город;;
314;муниципальное  казённое образовательное учреждение средняя общеобразовательная школа №3 города Мирный Архангельской области;МКОУ;СОО;школа;;;Средняя общеобразовательная школа №3 города Мирный;Мирный;город;;
315;Муниципальное казённое образовательное учреждение средняя общеобразовательная школа №4 города Мирного Архангельской области;МКОУ;СОО;школа;;;Средняя общеобразовательная школа №4 г. Мирного;Мирный;город;;
316;муниципальное казённое образовательное учреждение средняя общеобразовательная школа №12 города Мирного Архангельской области;МКОУ;СОО;школа;;;Средняя общеобразовательная школа №12 города Мирного;Мирный;город;;
317;"Муниципальное  казённое образовательное учреждение ""Открытая (сменная) общеобразовательная школа № 2"" города Мирного Архангельской области";МКОУ;СОО;школа;сменная;открытая;Открытая (сменная) общеобразовательная школа № 2;Мирный;город;;
320;Новодвинский филиал Архангельского государственного технического университета;филиал;ВПО;университет;;;Новодвинский филиал Архангельского государственного технического университета;Новодвинск;город;;
357;"Государственное бюджетное образовательное учреждение среднего профессионального образования Архангельской области ""Вельский экономический техникум""";ГБОУ;СПО;техникум;;экономика;Вельский экономический техникум;Вельск;город;;
358;"государственное автономное образовательное учреждение среднего профессионального образования Архангельской области ""Вельский сельскохозяйственный техникум имени Г.И.Шибанова""";ГАОУ;СПО;техникум;;сельское хозяйство;Вельский сельскохозяйственный техникум имени Г.И.Шибанова;Вельск;город;;
361;"Государственное бюджетное образовательное учреждение среднего профессионального образования Архангельской области""Котласский медицинский техникум""";ГБОУ;СПО;техникум;;медицина;Котласский медицинский техникум;Котлас;город;;165300, Архангельская область, г. Котлас, ул. Серафимовича, д. 41
362;"Котласский филиал Федерального государственного бюджетного образовательного учреждения высшего профессионального образования""Государственный университет морского и речного флота имени адмирала С.О.Макарова""";ГБОУ;ВПО;университет;;морский;"Котласский филиал ФГБОУ ВПО ""Государственный университет морского и речного флота имени адмирала С.О.Макарова""";Котласс;город;;
369;"Государственное автономное образовательное учреждение начального профессионального образования Архангельской области""Профессиональное училище №3""";ГАОУ;НПО;училище;;;Профессиональное училище №3 г. Котлас;Котлас;город;;165300, Архангельская область, Котлас, ул. Заводская, д. 9
370;"Государственное бюджетное образовательное учреждение начального профессионального образования Архангельской области""Профессиональное училище №4""";ГБОУ;НПО;училище;;жд;Профессиональное училище №4;Вычегодский;поселок;Котласский район;
377;Государственное автономное образовательное учреждение среднего профессионального образования Няндомский железнодорожный техникум;ГАОУ;СПО;техникум;;ж/д;Няндомский железнодорожный техникум;Няндома;город;;
378;ГОУ НПО профессиональное училище №12;ГОУ;НПО;училище;;;Профессиональное училище №12 г. Онега;Онега;город;;
380;"Государственное бюджетное образовательное учреждение среднего профессионального образования Архангельской области ""Березниковский индустриальный техникум""";ГБОУ;СПО;техникум;;индустриальный;Березниковский индустриальный техникум;Березник;поселок;Виноградовский район;
381;"Государственное бюджетное образовательное учреждение среднего профессионального образования  Архангельской области  ""Архангельский - индустриально педагогический колледж""";ГБОУ;СПО;колледж;индустриально-педагогический;;Архангельский - индустриально педагогический колледж;Архангельск;город;;163012, г. Архангельск, ул. Партизанская, д. 2
386;"Государственное автономное образовательное учреждение среднего профессионального образования Архангельской области ""Котласский электромеханический техникум""";ГАОУ;СПО;техникум;;электромеханика;Котласский электромеханический техникум;Котлас;город;;165300, г. Котлас, ул.Кузнецова, д. 16а
388;ГОУ НПО профессиональное училище №22;ГОУ;НПО;училище;;;Профессиональное училище №22 г. Северодвинск;Северодвинск;город;;164515, Архангельская область, г. Северодвинск, ул. Советских Космонавтов, д.18
398;"Государственное автономное образовательное учреждение среднего профессионального образования ""Устьянский индустриальный техникум""";ГАОУ;СПО;техникум;поселок городского типа;;Устьянский индустриальный техникум;Октябрьский;поселок;Устьянский район;
409;"Государственное автономное образовательное учреждение среднего профессионального образования Архангельской области ""Вельский индустриальный техникум""";ГАОУ;СПО;техникум;;индустриальный;Вельский индустриальный техникум;Вельск;город;;
415;"Муниципальное бюджетное образовательное учреждение ""Лесозаводская средняя общеобразовательная школа""";МБОУ;СОО;школа;рабочий поселок;;Лесозаводская средняя общеобразовательная школа;Коноша;поселок;Коношский район;
416;"муниципальное бюджетное образовательное учреждение ""Открытая (сменная) общеобразовательная школа № 38”";МБОУ;СОО;школа;сменная;открытая;Открытая (сменная) общеобразовательная школа № 38 г. Северодвинск;Северодвинск;город;;164504, Архангельская область, г. Северодвинск, ул. Гагарина, д. 15
417;"Муниципальное бюджетное образовательное учреждение ""Средняя общеобразовательная школа № 36""";МБОУ;СОО;школа;;;Средняя общеобразовательная школа № 36;Ненокса;село;Приморский район;
500;СОШ №150;ФГОУ СОШ;СОО;школа;Минобороны;;Средняя общеобразовательная школа №150 Минобороны России;Архангельск;город;Муниципальное образование «Новая Земля»;163055, г. Архангельск-55, ул. 850-летия Москвы, д. 5, войсковая часть 77510
885;"Государственное бюджетное образовательное учреждение Архангельской области для обучающихся, воспитанников с ограниченными возможностями здоровья ""Северодвинская специальная (коррекционная) общеобразовательная школа-интернат""";ГБОУ;СОО;школа-интернат;корр;;Северодвинская специальная (коррекционная) общеобразовательная школа-интернат;Северодвинск;город;;164500, Архангельская область, г. Северодвинск, ул. Капитана Воронина, д. 9